{"avg_acp":0,"_step":0,"_runtime":14.8428033,"_timestamp":1.7562555660997417e+09,"custom_score":0.3162455088791276,"best_model_path":"/abiomed/models/policy_models/SVR_hpo/abiomed/svr_seed_1_2025-08-27_00-44-50_0_gamma1_0.05_gamma2_0.2_gamma3_0.1.pth","_wandb":{"runtime":14},"avg_ws":-0.10999999999999999,"avg_reward":0.7744850295970919,"avg_air":0.5845000000000002,"best_custom_score":0.3198715873660143,"best_params":{"gamma1":0.05,"gamma2":0.2,"gamma3":0.1}}