{"_wandb":{"runtime":17},"avg_reward":0.686238624553381,"best_custom_score":0.3198715873660143,"avg_acp":0,"best_model_path":"/abiomed/models/policy_models/SVR_hpo/abiomed/svr_seed_1_2025-08-27_00-49-29_0_gamma1_0.05_gamma2_0.2_gamma3_0.1.pth","best_params":{"gamma1":0.05,"gamma2":0.2,"gamma3":0.1},"avg_air":0.57,"_runtime":17.791104469,"avg_ws":0,"_timestamp":1.7562557696721418e+09,"custom_score":0.3198715873660143,"_step":0}