{"best_params":{"gamma1":0.05,"gamma2":0.2,"gamma3":0.1},"_step":0,"_wandb":{"runtime":25},"_runtime":25.580719773,"custom_score":0.3157519774897788,"_timestamp":1.7562565268601308e+09,"best_model_path":"/abiomed/models/policy_models/SVR_hpo/abiomed/2025-08-27_00-58-28/svr_seed_1_0_gamma1_0.05_gamma2_0.2_gamma3_0.1.pth","avg_reward":0.6803399249659292,"avg_air":0.5640000000000001,"best_custom_score":0.3198715873660143,"avg_ws":-0.003833333333333332,"avg_acp":0}