{"_runtime":13.887859068000001,"_wandb":{"runtime":13},"avg_reward":0.6676486894029349,"_step":0,"custom_score":0.3110946068208805,"avg_ws":-0.027333333333333334,"best_custom_score":0.3198715873660143,"avg_air":0.5950000000000002,"_timestamp":1.7562555490495324e+09,"best_model_path":"/abiomed/models/policy_models/SVR_hpo/abiomed/svr_seed_1_2025-08-27_00-44-50_0_gamma1_0.05_gamma2_0.2_gamma3_0.1.pth","avg_acp":0,"best_params":{"gamma2":0.2,"gamma3":0.1,"gamma1":0.05}}