{"_timestamp":1.7563207878877192e+09,"avg_reward":0.9734860453333036,"_wandb":{"runtime":2602},"avg_air":0.6345000000000001,"_runtime":2602.735802455,"best_custom_score":0.44311514564528953,"_step":0,"avg_ws":0.13666666666666663,"avg_acp":0.44,"best_params":{"gamma1":0.1,"gamma2":0.7,"gamma3":0.1},"custom_score":0.37194581359999107}
