{"_runtime":13.918716881,"best_custom_score":0.3198715873660143,"best_params":{"gamma3":0.1,"gamma1":0.05,"gamma2":0.2},"best_model_path":"/abiomed/models/policy_models/SVR_hpo/abiomed/svr_seed_1_2025-08-27_00-44-50_0_gamma1_0.05_gamma2_0.2_gamma3_0.1.pth","_step":0,"avg_acp":0,"_wandb":{"runtime":13},"_timestamp":1.7562555198278227e+09,"custom_score":0.31268423833047077,"avg_reward":0.7726141277682358,"avg_ws":-0.10666666666666666,"avg_air":0.5645000000000002}