{"avg_air":0.6445000000000001,"_timestamp":1.7563370497828245e+09,"hyperparameter_search_results":{"height":1200,"_type":"image-file","sha256":"5126c8e84d00fac72aa4c56f25fca3987f64f1c0730a845cc4321a3e1574074b","size":122469,"path":"media/images/hyperparameter_search_results_1_5126c8e84d00fac72aa4.png","format":"png","width":1800},"_wandb":{"runtime":2412},"custom_score":0.4272784025917404,"best_custom_score":0.44651919384560373,"_step":1,"best_params":{"gamma1":0.2,"gamma2":0.5,"gamma3":1},"avg_reward":0.837261341972468,"best_model_path":"/abiomed/models/policy_models/SVR_hpo/abiomed/2025-08-27_03-43-24/svr_seed_1_23_gamma1_0.2_gamma2_0.5_gamma3_1.0.pth","avg_ws":0.1839999999999999,"avg_acp":0.04,"_runtime":2412.510931368}
