{"custom_score":0.08159326156011013,"avg_reward":-1.069855794799633,"avg_acp":1.19,"avg_ws":0.08849999999999998,"best_custom_score":0.3198715873660143,"_wandb":{"runtime":14},"_step":0,"avg_air":0.69,"best_params":{"gamma3":0.1,"gamma1":0.05,"gamma2":0.2},"best_model_path":"/abiomed/models/policy_models/SVR_hpo/abiomed/svr_seed_1_2025-08-27_00-49-29_0_gamma1_0.05_gamma2_0.2_gamma3_0.1.pth","_runtime":14.542916497,"_timestamp":1.756255803812135e+09}