{"best_custom_score":0.44268216759359125,"avg_ws":0.13816666666666666,"avg_air":0.6383333333333333,"_timestamp":1.7562856874781287e+09,"custom_score":0.42325302213987503,"_step":0,"avg_acp":0.06,"_runtime":2770.656824922,"avg_reward":0.8871211849106945,"best_params":{"gamma1":0.05,"gamma2":0.5,"gamma3":0.5},"_wandb":{"runtime":2770}}
