{"custom_score":0.31434616553279227,"_timestamp":1.7562555051690278e+09,"avg_reward":0.6956538851093076,"best_custom_score":0.3198715873660143,"best_params":{"gamma1":0.05,"gamma2":0.2,"gamma3":0.1},"avg_ws":-0.039833333333333346,"_wandb":{"runtime":13},"_step":0,"best_model_path":"/abiomed/models/policy_models/SVR_hpo/abiomed/svr_seed_1_2025-08-27_00-44-50_0_gamma1_0.05_gamma2_0.2_gamma3_0.1.pth","avg_air":0.5880000000000001,"avg_acp":0,"_runtime":13.997841308}