{"_timestamp":1.7562558385560036e+09,"best_model_path":"/abiomed/models/policy_models/SVR_hpo/abiomed/svr_seed_1_2025-08-27_00-49-29_0_gamma1_0.05_gamma2_0.2_gamma3_0.1.pth","avg_air":0.57,"avg_reward":0.6839423702789149,"_runtime":16.058768093,"best_custom_score":0.3198715873660143,"best_params":{"gamma1":0.05,"gamma2":0.2,"gamma3":0.1},"custom_score":0.3149827110836745,"_wandb":{"runtime":16},"avg_acp":0,"_step":0,"avg_ws":-0.013999999999999999}