{"avg_ws":-0.013999999999999999,"_wandb":{"runtime":15},"_step":0,"best_model_path":"/abiomed/models/policy_models/SVR_hpo/abiomed/svr_seed_1_2025-08-27_00-51-38_0_gamma1_0.05_gamma2_0.2_gamma3_0.1.pth","avg_reward":0.6839423702789149,"best_params":{"gamma2":0.2,"gamma3":0.1,"gamma1":0.05},"_timestamp":1.756255966556914e+09,"best_custom_score":0.3198715873660143,"avg_acp":0,"avg_air":0.57,"_runtime":15.696034899,"custom_score":0.3149827110836745}