{"_runtime":25.97205957,"_wandb":{"runtime":25},"best_model_path":"/abiomed/models/policy_models/SVR_hpo/abiomed/2025-08-27_00-56-17/svr_seed_1_0_gamma1_0.05_gamma2_0.2_gamma3_0.1.pth","avg_acp":0,"_step":0,"avg_reward":0.6956538851093076,"best_custom_score":0.3198715873660143,"avg_ws":-0.039833333333333346,"avg_air":0.5880000000000001,"_timestamp":1.756256236898457e+09,"best_params":{"gamma2":0.2,"gamma3":0.1,"gamma1":0.05},"custom_score":0.31434616553279227}