{"_step":0,"avg_air":0.5880000000000001,"avg_reward":0.6956538851093076,"avg_ws":-0.039833333333333346,"_runtime":14.931947172,"custom_score":0.31434616553279227,"avg_acp":0,"best_model_path":"/abiomed/models/policy_models/SVR_hpo/abiomed/svr_seed_1_2025-08-27_00-51-38_0_gamma1_0.05_gamma2_0.2_gamma3_0.1.pth","best_params":{"gamma1":0.05,"gamma2":0.2,"gamma3":0.1},"_wandb":{"runtime":14},"_timestamp":1.7562559166045194e+09,"best_custom_score":0.3198715873660143}