{"best_model_path":"/abiomed/models/policy_models/SVR_hpo/abiomed/2025-08-27_01-08-40/svr_seed_1_0_gamma1_0.05_gamma2_0.2_gamma3_0.1.pth","_step":0,"avg_ws":-0.039833333333333346,"avg_acp":0,"_timestamp":1.7562569787916212e+09,"avg_reward":0.6956538851093076,"custom_score":0.31434616553279227,"_runtime":25.951874715,"avg_air":0.5880000000000001,"best_custom_score":0.3198715873660143,"best_params":{"gamma1":0.05,"gamma2":0.2,"gamma3":0.1},"_wandb":{"runtime":25}}