{"avg_reward":-1.069855794799633,"avg_ws":0.08849999999999998,"avg_acp":1.19,"best_model_path":"/abiomed/models/policy_models/SVR_hpo/abiomed/svr_seed_1_2025-08-27_00-44-50_0_gamma1_0.05_gamma2_0.2_gamma3_0.1.pth","_wandb":{"runtime":13},"avg_air":0.69,"_timestamp":1.7562555344890163e+09,"custom_score":0.08159326156011013,"best_custom_score":0.3198715873660143,"best_params":{"gamma1":0.05,"gamma2":0.2,"gamma3":0.1},"_runtime":13.871610771,"_step":0}