{"best_params":{"gamma1":0.05,"gamma2":0.2,"gamma3":0.1},"_wandb":{"runtime":15},"avg_ws":-0.039833333333333346,"_step":0,"best_model_path":"/abiomed/models/policy_models/SVR_hpo/abiomed/svr_seed_1_2025-08-27_00-49-29_0_gamma1_0.05_gamma2_0.2_gamma3_0.1.pth","_timestamp":1.7562558553242927e+09,"avg_acp":0,"avg_reward":0.6579331316728101,"avg_air":0.5760000000000001,"custom_score":0.300629939501843,"_runtime":15.507014422,"best_custom_score":0.3198715873660143}