{"best_custom_score":0.3198715873660143,"avg_reward":0.686238624553381,"_timestamp":1.7562563385595691e+09,"_wandb":{"runtime":27},"_runtime":27.153325566,"avg_ws":0,"avg_acp":0,"custom_score":0.3198715873660143,"best_model_path":"/abiomed/models/policy_models/SVR_hpo/abiomed/2025-08-27_00-58-28/svr_seed_1_0_gamma1_0.05_gamma2_0.2_gamma3_0.1.pth","_step":0,"best_params":{"gamma2":0.2,"gamma3":0.1,"gamma1":0.05},"avg_air":0.57}