{"avg_acp":0,"_timestamp":1.7562559849346108e+09,"best_custom_score":0.3198715873660143,"avg_air":0.5760000000000001,"_wandb":{"runtime":14},"best_params":{"gamma1":0.05,"gamma2":0.2,"gamma3":0.1},"best_model_path":"/abiomed/models/policy_models/SVR_hpo/abiomed/svr_seed_1_2025-08-27_00-51-38_0_gamma1_0.05_gamma2_0.2_gamma3_0.1.pth","_step":0,"custom_score":0.300629939501843,"avg_ws":-0.039833333333333346,"_runtime":14.672266603,"avg_reward":0.6579331316728101}