{"_step":0,"best_params":{"gamma2":0.2,"gamma3":0.1,"gamma1":0.05},"custom_score":0.300629939501843,"avg_ws":-0.039833333333333346,"avg_acp":0,"_runtime":24.854481192,"best_model_path":"/abiomed/models/policy_models/SVR_hpo/abiomed/2025-08-27_00-58-28/svr_seed_1_0_gamma1_0.05_gamma2_0.2_gamma3_0.1.pth","avg_reward":0.6579331316728101,"_wandb":{"runtime":24},"best_custom_score":0.3198715873660143,"avg_air":0.5760000000000001,"_timestamp":1.7562564731690373e+09}