{"avg_air":0.57,"avg_reward":0.686238624553381,"avg_acp":0,"_wandb":{"runtime":16},"best_model_path":"/abiomed/models/policy_models/SVR_hpo/abiomed/svr_seed_1_2025-08-27_00-43-29_0_gamma1_0.05_gamma2_0.2_gamma3_0.1.pth","_runtime":16.027478416,"avg_ws":0,"custom_score":0.3198715873660143,"best_custom_score":0.3198715873660143,"best_params":{"gamma3":0.1,"gamma1":0.05,"gamma2":0.2},"_step":0,"_timestamp":1.756255409378031e+09}