{"best_custom_score":0.3198715873660143,"_wandb":{"runtime":25},"avg_air":0.5950000000000002,"_runtime":25.416498128,"_timestamp":1.756256421262912e+09,"best_params":{"gamma2":0.2,"gamma3":0.1,"gamma1":0.05},"best_model_path":"/abiomed/models/policy_models/SVR_hpo/abiomed/2025-08-27_00-58-28/svr_seed_1_0_gamma1_0.05_gamma2_0.2_gamma3_0.1.pth","custom_score":0.3110946068208805,"avg_reward":0.6676486894029349,"avg_acp":0,"_step":0,"avg_ws":-0.027333333333333334}