{"_runtime":27.616996904,"avg_air":0.57,"best_model_path":"/abiomed/models/policy_models/SVR_hpo/abiomed/2025-08-27_00-56-17/svr_seed_1_0_gamma1_0.05_gamma2_0.2_gamma3_0.1.pth","custom_score":0.3198715873660143,"avg_acp":0,"_step":0,"avg_ws":0,"_timestamp":1.7562562078181145e+09,"best_custom_score":0.3198715873660143,"best_params":{"gamma1":0.05,"gamma2":0.2,"gamma3":0.1},"_wandb":{"runtime":27},"avg_reward":0.686238624553381}