{"best_params":{"gamma3":1,"gamma1":0.2,"gamma2":0.5},"avg_reward":0.9352306461520125,"_step":0,"best_custom_score":0.44651919384560373,"avg_ws":0.1865,"custom_score":0.44651919384560373,"avg_air":0.61,"_timestamp":1.7563293057647343e+09,"_runtime":2882.426689725,"avg_acp":0.06,"_wandb":{"runtime":2882}}
