{"avg_ws":-0.027333333333333334,"custom_score":0.3110946068208805,"_timestamp":1.75625594766976e+09,"_wandb":{"runtime":13},"avg_acp":0,"best_custom_score":0.3198715873660143,"avg_reward":0.6676486894029349,"avg_air":0.5950000000000002,"best_model_path":"/abiomed/models/policy_models/SVR_hpo/abiomed/svr_seed_1_2025-08-27_00-51-38_0_gamma1_0.05_gamma2_0.2_gamma3_0.1.pth","best_params":{"gamma3":0.1,"gamma1":0.05,"gamma2":0.2},"_step":0,"_runtime":13.966260448}