{"avg_ws":0.1628333333333333,"avg_air":0.6278333333333334,"_timestamp":1.7563014503840775e+09,"best_custom_score":0.44268216759359125,"_runtime":2725.905478342,"avg_reward":0.7794871149762912,"best_params":{"gamma1":0.05,"gamma2":0.5,"gamma3":0.5},"_wandb":{"runtime":2725},"avg_acp":0.51,"custom_score":0.306262801159554,"_step":0}
