{"_timestamp":1.7562564998073318e+09,"avg_air":0.68,"_step":0,"avg_reward":-1.2261840132170847,"_wandb":{"runtime":25},"avg_ws":0.03100000000000001,"avg_acp":0.67,"best_custom_score":0.3198715873660143,"best_model_path":"/abiomed/models/policy_models/SVR_hpo/abiomed/2025-08-27_00-58-28/svr_seed_1_0_gamma1_0.05_gamma2_0.2_gamma3_0.1.pth","_runtime":25.089990746,"best_params":{"gamma1":0.05,"gamma2":0.2,"gamma3":0.1},"custom_score":-0.0885552039651254}