{"avg_reward":0.8625440164636728,"avg_ws":0.16949999999999996,"avg_acp":0.8,"_runtime":3128.516908648,"custom_score":0.2660132049391018,"_wandb":{"runtime":3128},"_timestamp":1.7563127221321235e+09,"best_custom_score":0.44311514564528953,"best_params":{"gamma1":0.1,"gamma2":0.7,"gamma3":0.1},"avg_air":0.5820000000000001,"_step":0}
