{"_step":0,"best_params":{"gamma1":0.05,"gamma2":0.2,"gamma3":0.1},"avg_ws":0.08849999999999998,"avg_reward":-1.069855794799633,"custom_score":0.08159326156011013,"_runtime":25.625426517,"_timestamp":1.7562562644185312e+09,"avg_acp":1.19,"best_custom_score":0.3198715873660143,"avg_air":0.69,"best_model_path":"/abiomed/models/policy_models/SVR_hpo/abiomed/2025-08-27_00-56-17/svr_seed_1_0_gamma1_0.05_gamma2_0.2_gamma3_0.1.pth","_wandb":{"runtime":25}}