{"avg_ws":0,"avg_acp":0,"_wandb":{"runtime":16},"_runtime":16.598460125,"best_params":{"gamma1":0.05,"gamma2":0.2,"gamma3":0.1},"_step":0,"_timestamp":1.7562550262316058e+09,"avg_air":0.57,"best_model_path":"/abiomed/models/policy_models/SVR_hpo/abiomed/svr_seed_1_2025-08-27_00-37-06_0_gamma1_0.05_gamma2_0.2_gamma3_0.1.pth","best_custom_score":-0.06993522675562405,"avg_reward":-0.6131174225187468,"custom_score":-0.06993522675562405}