{"avg_reward":0.6956538851093076,"custom_score":0.31434616553279227,"best_params":{"gamma1":0.05,"gamma2":0.2,"gamma3":0.1},"_wandb":{"runtime":29},"_runtime":29.06754261,"best_model_path":"/abiomed/models/policy_models/SVR_hpo/abiomed/2025-08-27_01-10-15/svr_seed_1_0_gamma1_0.05_gamma2_0.2_gamma3_0.1.pth","_timestamp":1.7562570796081822e+09,"avg_ws":-0.039833333333333346,"avg_acp":0,"avg_air":0.5880000000000001,"best_custom_score":0.3198715873660143,"hyperparameter_search_results":{"format":"png","width":1800,"height":1200,"_type":"image-file","sha256":"3a2358a3357b5f37bf673d557434451955a47862cc6caffd6c89bcfbfbec9f6f","size":89349,"path":"media/images/hyperparameter_search_results_1_3a2358a3357b5f37bf67.png"},"_step":1}