{"_timestamp":1.7562570475708246e+09,"avg_reward":0.686238624553381,"best_custom_score":0.3198715873660143,"custom_score":0.3198715873660143,"avg_acp":0,"avg_ws":0,"_step":0,"_wandb":{"runtime":28},"best_params":{"gamma2":0.2,"gamma3":0.1,"gamma1":0.05},"avg_air":0.57,"_runtime":28.968438329}