{"avg_air":0.69,"_timestamp":1.7562563942647998e+09,"avg_acp":1.19,"avg_ws":0.08849999999999998,"custom_score":0.08159326156011013,"avg_reward":-1.069855794799633,"best_custom_score":0.3198715873660143,"_wandb":{"runtime":24},"_runtime":24.549152616,"best_model_path":"/abiomed/models/policy_models/SVR_hpo/abiomed/2025-08-27_00-58-28/svr_seed_1_0_gamma1_0.05_gamma2_0.2_gamma3_0.1.pth","best_params":{"gamma3":0.1,"gamma1":0.05,"gamma2":0.2},"_step":0}