{"avg_air":0.5606666666666666,"custom_score":0.14844750166033086,"avg_acp":1.8,"_wandb":{"runtime":2833},"avg_reward":1.0937138944233253,"_runtime":2833.261037466,"best_params":{"gamma2":0.2,"gamma3":0.5,"gamma1":0.05},"_step":0,"best_custom_score":0.3801781158188817,"avg_ws":0.22733333333333333,"_timestamp":1.756274556508917e+09}