{"avg_ws":0,"_wandb":{"runtime":27},"_runtime":27.725244335,"custom_score":0.3198715873660143,"best_custom_score":0.3198715873660143,"_timestamp":1.756256950659997e+09,"avg_acp":0,"best_model_path":"/abiomed/models/policy_models/SVR_hpo/abiomed/2025-08-27_01-08-40/svr_seed_1_0_gamma1_0.05_gamma2_0.2_gamma3_0.1.pth","best_params":{"gamma1":0.05,"gamma2":0.2,"gamma3":0.1},"_step":0,"avg_reward":0.686238624553381,"avg_air":0.57}