{"best_model_path":"/abiomed/models/policy_models/SVR_hpo/abiomed/2025-08-27_00-58-28/svr_seed_1_0_gamma1_0.05_gamma2_0.2_gamma3_0.1.pth","avg_ws":-0.013999999999999999,"best_custom_score":0.3198715873660143,"_timestamp":1.7562564463984168e+09,"avg_acp":0,"_wandb":{"runtime":24},"custom_score":0.3149827110836745,"avg_reward":0.6839423702789149,"avg_air":0.57,"_runtime":24.333709005,"_step":0,"best_params":{"gamma1":0.05,"gamma2":0.2,"gamma3":0.1}}