{"best_params":{"gamma1":0.05,"gamma2":0.2,"gamma3":0.1},"_step":0,"avg_air":0.57,"avg_ws":0,"_runtime":16.504789914,"_wandb":{"runtime":16},"custom_score":0.3198715873660143,"avg_reward":0.686238624553381,"avg_acp":0,"best_model_path":"/abiomed/models/policy_models/SVR_hpo/abiomed/svr_seed_1_2025-08-27_00-44-50_0_gamma1_0.05_gamma2_0.2_gamma3_0.1.pth","best_custom_score":0.3198715873660143,"_timestamp":1.7562554902351856e+09}