{"_step":0,"_runtime":16.636871441,"_timestamp":1.7562549512405534e+09,"avg_ws":0,"avg_air":0.57,"_wandb":{"runtime":16},"custom_score":-0.06993522675562405,"avg_reward":-0.6131174225187468,"avg_acp":0}